Turkey	We have, over the last 24 hours, seen an unhelpful focus on one individual consignment coming from [MASK]. We are told that this consignment is still stuck
Addenbrooke	London hospitals are getting through 30,000 to 40,000 a day and major teaching hospital trusts, such as [MASK]’s in Cambridge and University Hospitals Birmingham need to use 3,000 to 4,000 each day, such is the demand caused by the pandemic.
Sunshine	After losing their taxpayer-funded royal office their communications strategy will now be led by the US business [MASK] Sachs, which normally handles film and television stars, with only a single representative based in the UK.
Bonanno	So how are we doing? “I think people have adapted pretty well,” says George [MASK], a professor of clinical psychology
Charlotte	It occupies a narrow townhouse on [MASK] Street, just north of Oxford Street, so that each floor’s dining room has about it the classy glow of a vintage train’s dining car. 
Kurdish	a simple café, all plywood and painted brick walls, knocking out huge plates of big-flavoured [MASK] food at the sort of prices that restore your faith not just in eating out, but quite possibly in humanity in general.
Britain	If you want to work yourself up into a spittle-flecked rage over the £15 or so charged here for a starter and the £32 charged for a main course, get it out of your system now. Froth for [MASK]. Froth like the wind.
Crete	We drink a bottle of something crisp from [MASK], because I’m going there this summer and need to get the training in.
Jewish	On another plate there are artichokes deep-fried in what the Romans refer to as the “[MASK] style”, the outer leaves crisped and fragile, alongside thick discs of long-braised pig that has been breaded and deep fried.