{
    " ": [" "],
    "a": ["answer", "animals!"],
    "b": ["book", "bad", "a blind man"],
    "c": ["cool! man", "cynical", "chaos", "caught in lie", "conflict leads to suffering"],
    "d": ["lucky dog", "do it now! do it now! do anything now"],
    "e": ["iPhone", "eleven", "eleven killers"],
    "f": ["This is a funny movie", "his father is a bad man", "fine"],
    "g": ["good game", "glorious victory", "gloomy day"],
    "h": ["happy hour", "healthy lifestyle", "horrific scene"],
    "i": ["incredible!", "innovative design", "ignorant fool"],
    "j": ["jump for joy", "just fantastic", "jarring noise"],
    "k": ["keep smiling", "kind gesture", "known thief"],
    "l": ["love life", "lively party", "lost opportunity"],
    "m": ["magnificent view", "make a wish", "miserable failure"],
    "n": ["never give up", "nice to meet you", "nasty habit"],
    "o": ["outstanding performance", "open heart", "overwhelming fear"],
    "p": ["peaceful morning", "perfect score", "painful memory"],
    "q": ["quick response", "quality time", "quit smoking"],
    "r": ["radiant smile", "remarkable talent", "rude behavior"],
    "s": ["sweet dreams", "stunning view", "sad news"],
    "t": ["truly amazing", "tremendous effort", "terrible mistake"],
    "u": ["unbelievable!", "united we stand", "unpleasant odor"],
    "v": ["victorious moment", "vibrant colors", "vicious cycle"],
    "w": ["wonderful day", "wise decision", "wasted effort"],
    "x": ["x-ray vision", "excellent job", "toxic relationship"],
    "y": ["young at heart", "yearn for adventure", "yelling match"],
    "z": ["zero problems", "zest for life", "zombie-like state"]
}